SK_ID_CURR,SK_ID_BUREAU,CREDIT_ACTIVE,CREDIT_CURRENCY,DAYS_CREDIT,CREDIT_DAY_OVERDUE,DAYS_CREDIT_ENDDATE,DAYS_ENDDATE_FACT,AMT_CREDIT_MAX_OVERDUE,CNT_CREDIT_PROLONG,AMT_CREDIT_SUM,AMT_CREDIT_SUM_DEBT,AMT_CREDIT_SUM_LIMIT,AMT_CREDIT_SUM_OVERDUE,CREDIT_TYPE,DAYS_CREDIT_UPDATE,AMT_ANNUITY
215354,5714462,Closed,currency 1,-497,0,-153,-153,,0,91323,0,,0,Consumer credit,-131,
215354,5714463,Active,currency 1,-208,0,1075,,,0,225000,171342,,0,Credit card,-20,
215354,5714464,Active,currency 1,-203,0,528,,,0,464323.5,,,0,Consumer credit,-16,
215354,5714465,Active,currency 1,-203,0,,,,0,90000,,,0,Credit card,-16,
215354,5714466,Active,currency 1,-629,0,1197,,77674.5,0,2700000,,,0,Consumer credit,-21,
215354,5714467,Active,currency 1,-273,0,27460,,0,0,180000,71017.38,108982.62,0,Credit card,-31,
215354,5714468,Active,currency 1,-43,0,79,,0,0,42103.8,42103.8,0,0,Consumer credit,-22,
162297,5714469,Closed,currency 1,-1896,0,-1684,-1710,14985,0,76878.45,0,0,0,Consumer credit,-1710,
162297,5714470,Closed,currency 1,-1146,0,-811,-840,0,0,103007.7,0,0,0,Consumer credit,-840,
162297,5714471,Active,currency 1,-1146,0,-484,,0,0,4500,0,0,0,Credit card,-690,
162297,5714472,Active,currency 1,-1146,0,-180,,0,0,337500,0,0,0,Credit card,-690,
162297,5714473,Closed,currency 1,-2456,0,-629,-825,,0,675000,0,0,0,Consumer credit,-706,
162297,5714474,Active,currency 1,-277,0,5261,,0,0,7033500,,,0,Mortgage,-31,
402440,5714475,Active,currency 1,-96,0,269,,0,0,89910,76905,0,0,Consumer credit,-22,
238881,5714482,Closed,currency 1,-318,0,-187,-187,,0,0,0,0,0,Credit card,-185,
238881,5714484,Closed,currency 1,-2911,0,-2607,-2604,,0,48555,,,0,Consumer credit,-2601,
238881,5714485,Closed,currency 1,-2148,0,-1595,-987,,0,135000,,,0,Consumer credit,-984,
238881,5714486,Active,currency 1,-381,0,,,,0,450000,520920,,0,Consumer credit,-4,
238881,5714487,Active,currency 1,-95,0,1720,,,0,67500,8131.5,,0,Credit card,-7,
238881,5714488,Closed,currency 1,-444,0,-77,-77,0,0,107184.06,0,0,0,Consumer credit,-71,
238881,5714489,Active,currency 1,-392,0,,,0,0,252000,23679,228320.1,0,Credit card,-22,
222183,5714491,Active,currency 1,-784,0,1008,,0,0,0,-411.615,411.615,0,Credit card,-694,
222183,5714492,Active,currency 1,-774,0,625,,,0,127840.5,0,0,0,Credit card,-210,
222183,5714493,Active,currency 1,-395,0,1431,,,0,1350000,1185493.5,0,0,Consumer credit,-24,
222183,5714495,Closed,currency 1,-2744,0,-2561,-2559,310.5,0,18157.5,,,0,Consumer credit,-2559,
222183,5714496,Closed,currency 1,-1103,0,-7,-343,20493.27,0,675000,0,0,0,Consumer credit,-343,
222183,5714497,Active,currency 1,-315,0,1512,,88821,0,3709552.5,,,0,Car loan,-32,
426155,5714498,Closed,currency 1,-1331,0,-994,-1023,1350,0,39433.5,0,0,0,Consumer credit,-1023,
426155,5714499,Closed,currency 1,-2534,0,-2352,-2347,,0,38830.5,0,0,0,Consumer credit,-2345,
426155,5714500,Closed,currency 1,-845,0,-480,-480,0,0,67500,0,0,0,Consumer credit,-480,
426155,5714501,Closed,currency 1,-529,0,-343,-343,0,0,182791.44,0,0,0,Consumer credit,-337,
136226,5714502,Active,currency 1,-521,0,551,,,0,112500,0,0,0,Credit card,-30,
136226,5714503,Closed,currency 1,-559,0,,-355,0,0,110250,0,0,0,Credit card,-351,
400486,5714504,Closed,currency 1,-2413,0,-1864,-2128,,0,180000,0,0,0,Consumer credit,-708,
400486,5714506,Active,currency 1,-941,0,-17,,,0,40500,0,0,0,Credit card,-15,
400486,5714507,Closed,currency 1,-1110,0,-745,-727,,0,114727.5,0,0,0,Consumer credit,-658,
400486,5714508,Closed,currency 1,-2133,0,-1038,-1127,,0,225000,0,0,0,Consumer credit,-708,
400486,5714509,Active,currency 1,-391,0,705,,,0,142290,108315,0,0,Consumer credit,-30,
435112,5714512,Closed,currency 1,-1412,0,-861,-849,,0,85288.5,0,0,0,Consumer credit,-753,
435112,5714513,Closed,currency 1,-1590,0,-1344,-1276,,0,100129.5,0,0,0,Consumer credit,-783,
435112,5714514,Closed,currency 1,-1181,0,-875,-872,,0,44419.5,0,0,0,Consumer credit,-872,
435112,5714516,Closed,currency 1,-1475,0,-1293,-1322,,0,21690,0,,0,Consumer credit,-1322,
435112,5714517,Closed,currency 1,-1411,0,-861,-861,,0,85293,0,,0,Consumer credit,-855,
435112,5714518,Active,currency 1,-1483,0,,,,0,200250,0,,0,Credit card,-848,
435112,5714519,Closed,currency 1,-1589,0,-1344,-1292,3980.52,0,100129.5,0,0,0,Consumer credit,-736,
435112,5714520,Closed,currency 1,-829,0,-508,-508,0,0,159386.085,0,0,0,Consumer credit,-508,
435112,5714521,Closed,currency 1,-739,0,-525,-525,0,0,48645,0,0,0,Consumer credit,-519,
435112,5714522,Active,currency 1,-508,0,1318,,0,0,1058823.54,858768.57,0,0,Consumer credit,-7,
435112,5714523,Active,currency 1,-416,0,680,,0,0,256500,183528,0,0,Consumer credit,-43,
452585,5714524,Closed,currency 1,-2642,0,-2307,-2332,1800,0,15921,0,0,0,Consumer credit,-2306,
452585,5714525,Active,currency 1,-2538,0,-1427,,0,0,45000,0,0,0,Credit card,-682,
452585,5714527,Active,currency 1,-42,0,-26,,,0,45000,54000,0,0,Consumer credit,-31,
452585,5714528,Closed,currency 1,-2898,0,-2722,-2344,,0,11340,,,0,Consumer credit,-2344,
389599,5714529,Closed,currency 1,-672,0,10285,-531,,0,135000,0,0,0,Credit card,-429,
389599,5714530,Closed,currency 1,-1304,0,1253,-1287,,0,225000,0,0,0,Consumer credit,-429,
389599,5714531,Closed,currency 1,-1253,0,-887,-887,,0,43105.5,0,0,0,Consumer credit,-687,
389599,5714532,Closed,currency 1,-1130,0,331,-858,,0,450000,0,0,0,Consumer credit,-847,
389599,5714533,Active,currency 1,-831,0,277,,,0,270000,274225.5,0,0,Credit card,-10,
389599,5714534,Active,currency 1,-329,0,1497,,,0,589500,521478,0,0,Consumer credit,-8,
389599,5714536,Closed,currency 1,-700,0,-600,-600,0,0,68715,0,0,0,Consumer credit,-596,
242993,5714537,Closed,currency 1,-2785,0,-958,-1769,,0,225000,0,0,0,Consumer credit,-908,
242993,5714538,Closed,currency 1,-683,0,-654,-654,,0,40500,0,0,0,Consumer credit,-624,
242993,5714539,Closed,currency 1,-744,0,-717,-717,,0,45000,0,0,0,Consumer credit,-624,
242993,5714541,Closed,currency 1,-801,0,-773,-773,,0,45000,0,0,0,Consumer credit,-624,
242993,5714542,Closed,currency 1,-1841,0,-1473,-1466,,0,225000,0,0,0,Consumer credit,-1195,
242993,5714543,Active,currency 1,-2237,0,-1868,,,0,135000,,,0,Consumer credit,-1874,
242993,5714544,Closed,currency 1,-1201,0,-1081,-987,,0,157500,,,0,Consumer credit,-984,
242993,5714545,Closed,currency 1,-1844,0,-1473,-987,,0,225000,,,0,Consumer credit,-984,
242993,5714547,Closed,currency 1,-705,0,-614,-586,,0,158566.5,,,0,Consumer credit,-580,
242993,5714548,Closed,currency 1,-605,0,-577,-577,,0,13500,,,0,Consumer credit,-572,
242993,5714549,Closed,currency 1,-564,0,-535,-535,,0,45000,,,0,Consumer credit,-531,
242993,5714550,Active,currency 1,-382,0,1464,,,0,58500,59809.5,,0,Credit card,-341,
242993,5714551,Closed,currency 1,-865,0,-742,-833,0,0,29250,0,0,0,Consumer credit,-833,
303740,5714552,Closed,currency 1,-1423,0,-1119,-1118,,0,79744.5,0,0,0,Consumer credit,-1118,
303740,5714553,Closed,currency 1,-666,0,-574,-574,0,0,36916.56,0,0,0,Consumer credit,-568,
303740,5714554,Active,currency 1,-581,0,,,0,0,384750,263056.5,121690.17,0,Credit card,-22,
303740,5714555,Closed,currency 1,-433,0,-320,-320,0,0,67500,0,0,0,Consumer credit,-316,
234931,5714557,Active,currency 1,-1272,0,-667,,,0,135000,17982,0,0,Consumer credit,-721,
234931,5714558,Closed,currency 1,-1602,0,-1332,-987,,0,42894,,,0,Consumer credit,-984,
234931,5714559,Closed,currency 1,-1273,0,-667,-649,,0,135000,,,0,Consumer credit,-643,
234931,5714560,Closed,currency 1,-371,0,-130,-130,,0,63522,0,,0,Consumer credit,-110,
234931,5714561,Closed,currency 1,-2638,0,-1208,-1518,18293.265,0,1143000,0,0,0,Car loan,-704,
234931,5714562,Closed,currency 1,-1495,0,-635,-40,12618,0,46831.5,,,0,Consumer credit,-34,
311918,5714563,Closed,currency 1,-2904,0,-2723,-2723,,0,32899.5,0,,0,Consumer credit,-2723,
311918,5714564,Active,currency 1,-146,0,37,,0,0,59085,20835,0,0,Consumer credit,-24,
119939,5714566,Closed,currency 1,-2279,0,-1945,-2033,0,0,39541.5,0,0,0,Consumer credit,-2033,
119939,5714567,Closed,currency 1,-2247,0,-1123,-1733,0,0,135000,0,0,0,Credit card,-1733,
119939,5714568,Closed,currency 1,-1447,0,-331,-1272,0,0,99000,-2692.17,137692.17,0,Credit card,-1272,
119939,5714569,Closed,currency 1,-1390,0,-331,-1263,0,0,135000,-149.04,135149.04,0,Credit card,-1263,
119939,5714570,Active,currency 1,-1390,0,-696,,0,0,4500,-2.565,2.565,0,Credit card,-691,
119939,5714571,Active,currency 1,-733,0,1100,,0,0,337500,242596.395,94903.605,0,Credit card,-687,
119939,5714573,Closed,currency 1,-1188,0,1369,-1090,,0,450000,0,0,0,Consumer credit,-429,
119939,5714574,Closed,currency 1,-437,0,1389,-225,,0,1226250,0,0,0,Consumer credit,-194,
119939,5714575,Closed,currency 1,-944,0,335,-548,,0,1215000,0,0,0,Consumer credit,-513,
119939,5714577,Active,currency 1,-1102,0,4,,,0,225000,210730.5,0,0,Credit card,-10,
119939,5714578,Closed,currency 1,-1572,0,-1179,-987,,0,225000,,,0,Consumer credit,-984,
119939,5714579,Closed,currency 1,-1791,0,-1703,-987,,0,22770,,,0,Consumer credit,-984,
119939,5714580,Active,currency 1,-2401,0,,,0,0,99000,45036,53962.695,0,Credit card,-22,
119939,5714581,Closed,currency 1,-1624,0,203,-1085,40.5,0,765000,,,0,Consumer credit,-1085,
119939,5714582,Closed,currency 1,-1617,0,9341,-1083,6007.5,0,144000,,,0,Credit card,-1083,
119939,5714583,Closed,currency 1,-937,0,889,-156,0,0,675000,,,0,Consumer credit,-156,
119939,5714585,Active,currency 1,-314,0,1512,,0,0,900000,,,0,Consumer credit,-40,
388421,5714587,Active,currency 1,-685,0,410,,0,0,135000,0,135000,0,Credit card,-236,
388421,5714590,Closed,currency 1,-325,0,223,-112,,0,87286.5,0,0,0,Consumer credit,-106,
388421,5714591,Active,currency 1,-674,0,1152,,,0,868500,662139,0,0,Consumer credit,-25,
388421,5714593,Active,currency 1,-378,0,1449,,0,0,991800,,,0,Consumer credit,-31,
419892,5714594,Closed,currency 1,-1697,0,-1148,-1148,,0,70695,0,0,0,Consumer credit,-696,
419892,5714595,Closed,currency 1,-1238,0,-878,-1120,,0,22320,0,0,0,Consumer credit,-1119,
419892,5714596,Active,currency 1,-381,0,,,,0,2767500,2739622.5,,0,Mortgage,-27,
419892,5714597,Closed,currency 1,-584,0,511,-405,0,0,238603.5,0,0,0,Consumer credit,-405,
387080,5714598,Closed,currency 1,-983,0,-623,-900,,0,52987.5,0,0,0,Consumer credit,-802,
387080,5714600,Closed,currency 1,-1104,0,-738,-731,,0,194400,0,0,0,Consumer credit,-731,
387080,5714601,Closed,currency 1,-1766,0,-1219,-1256,,0,135000,0,0,0,Consumer credit,-1252,
387080,5714602,Active,currency 1,-1082,0,745,,,0,197820,105840,0,0,Consumer credit,-10,
387080,5714603,Active,currency 1,-1239,0,-149,,,0,225000,185953.5,0,0,Credit card,-10,
387080,5714604,Active,currency 1,-681,0,1145,,,0,328500,244791,0,0,Consumer credit,-10,
387080,5714606,Closed,currency 1,-2897,0,-2350,-2357,,0,67500,,,0,Consumer credit,-2357,
387080,5714607,Closed,currency 1,-1603,0,-1299,-1087,,0,70335,0,,0,Consumer credit,-1087,
387080,5714608,Closed,currency 1,-2093,0,-1949,-987,,0,44968.5,,,0,Consumer credit,-984,
387080,5714609,Active,currency 1,-69,0,263,,,0,84361.5,,,0,Consumer credit,-6,
387080,5714610,Closed,currency 1,-2299,0,-1932,-1932,0,0,72600.75,0,0,0,Consumer credit,-1603,
387080,5714611,Closed,currency 1,-549,0,-364,-488,0,0,37935,0,0,0,Consumer credit,-486,
387080,5714612,Closed,currency 1,-388,0,-21,-84,0,0,98446.5,0,0,0,Consumer credit,-84,
387080,5714614,Active,currency 1,-18,0,378,,0,0,76500,76500,0,0,Consumer credit,-14,
293201,5714620,Closed,currency 1,-2730,0,-2454,-2514,0,0,14058,0,0,0,Consumer credit,-2514,
293201,5714621,Closed,currency 1,-2389,0,-1365,-1780,11250,0,225000,-701.28,225701.28,0,Credit card,-1780,
293201,5714622,Closed,currency 1,-2255,0,-1982,-1987,6492.42,0,46033.92,0,0,0,Consumer credit,-1981,
293201,5714624,Active,currency 1,-1425,0,-757,,0,0,4500,0,4500,0,Credit card,-695,
293201,5714625,Closed,currency 1,-2540,0,-713,-2209,,0,360000,0,0,0,Consumer credit,-1261,
338464,5714626,Closed,currency 1,-2655,0,-2319,-2348,0,0,20165.4,0,0,0,Consumer credit,-831,
338464,5714627,Closed,currency 1,-2539,0,-1427,-651,0,0,45000,0,0,0,Credit card,-651,
338464,5714628,Closed,currency 1,-2343,0,-2008,-2219,0,0,19192.5,0,0,0,Consumer credit,-2219,
338464,5714629,Closed,currency 1,-857,0,-523,-582,3285,0,33853.5,0,0,0,Consumer credit,-582,
338464,5714630,Active,currency 1,-857,0,765,,1704.78,0,45000,38294.37,6705.63,0,Credit card,-675,
338464,5714631,Active,currency 1,-1131,0,-27,,,0,270000,0,0,0,Credit card,-17,
338464,5714633,Closed,currency 1,-1706,0,-976,-1260,,0,247500,0,0,0,Consumer credit,-538,
338464,5714634,Active,currency 1,-140,0,,,0,0,144000,143019,980.28,0,Credit card,-22,
444864,5714635,Closed,currency 1,-2209,0,-2086,-2115,0,0,16645.5,0,0,0,Consumer credit,-2115,
444864,5714636,Closed,currency 1,-2130,0,-1886,-1883,,0,66600,0,0,0,Consumer credit,-791,
444864,5714637,Closed,currency 1,-1125,0,-881,-881,,0,82795.5,0,0,0,Consumer credit,-752,
444864,5714638,Closed,currency 1,-1872,0,-1568,-1549,,0,49936.5,0,0,0,Consumer credit,-801,
444864,5714639,Closed,currency 1,-2030,0,31111,-1750,,0,85050,0,0,0,Credit card,-555,
444864,5714640,Closed,currency 1,-1776,0,-680,-712,,0,157500,0,0,0,Consumer credit,-188,
444864,5714642,Closed,currency 1,-1124,0,-881,-881,,0,82795.5,0,,0,Consumer credit,-876,
444864,5714643,Closed,currency 1,-1871,0,-1568,-1568,,0,49936.5,0,,0,Consumer credit,-820,
444864,5714644,Closed,currency 1,-2129,0,-1886,-1886,,0,66600,0,,0,Consumer credit,-820,
444864,5714645,Closed,currency 1,-1416,0,-685,-685,0,0,182119.5,0,0,0,Consumer credit,-680,
444864,5714646,Closed,currency 1,-312,0,-130,-130,0,0,52488,0,0,0,Consumer credit,-127,
444864,5714647,Active,currency 1,-286,0,,,0,0,364500,0,364500,0,Credit card,-29,
253882,5714648,Closed,currency 1,-1341,0,-241,-749,,0,0,0,,0,Credit card,-747,
253882,5714649,Active,currency 1,-758,0,1095,,,0,315000,54895.5,,0,Credit card,0,
253882,5714650,Closed,currency 1,-1531,0,-800,-805,0,0,138987,0,0,0,Consumer credit,-805,
253882,5714651,Closed,currency 1,-770,0,-467,-467,0,0,50301,0,0,0,Consumer credit,-463,
335122,5714653,Closed,currency 1,-1189,0,-109,-874,,0,225000,0,0,0,Consumer credit,-860,
335122,5714654,Closed,currency 1,-2426,0,-600,-556,,0,540000,0,0,0,Consumer credit,-188,
335122,5714655,Active,currency 1,-644,0,1182,,,0,900000,,,0,Consumer credit,-30,
335122,5714656,Active,currency 1,-885,0,210,,,0,900000,,,0,Consumer credit,-30,
335122,5714657,Closed,currency 1,-2740,0,-2434,-2496,0,0,54000,0,0,0,Consumer credit,-2494,
351919,5714658,Active,currency 1,-769,0,1057,,,0,409500,295542,0,0,Consumer credit,-14,
406724,5714661,Closed,currency 1,-1293,0,-1155,-1155,,0,13500,0,0,0,Credit card,-775,
406724,5714662,Closed,currency 1,-1433,0,-1251,-1245,,0,23067,0,0,0,Consumer credit,-783,
406724,5714663,Closed,currency 1,-1432,0,-1251,-1251,,0,23067,0,,0,Consumer credit,-1142,
406724,5714665,Active,currency 1,-167,0,1298,,0,0,606496.995,574827.21,0,0,Consumer credit,-5,
389074,5714667,Closed,currency 1,-957,0,-342,-341,,0,13500,0,0,0,Credit card,-334,
389074,5714668,Closed,currency 1,-705,0,-433,-404,,0,135729,,,0,Consumer credit,-398,
389074,5714669,Closed,currency 1,-1049,0,-378,-378,0,0,113496.885,0,0,0,Consumer credit,-372,
373324,5714674,Active,currency 1,-837,0,-453,,0,0,0,-45.36,45.36,0,Credit card,-685,
373324,5714675,Active,currency 1,-341,0,-160,,0,0,63496.17,63496.17,0,0,Consumer credit,-234,
373324,5714676,Closed,currency 1,-586,0,-402,-402,,0,90180,0,0,0,Consumer credit,-400,
373324,5714677,Closed,currency 1,-1439,0,-1134,-1123,,0,60399,0,0,0,Consumer credit,-775,
373324,5714679,Active,currency 1,-577,0,521,,,0,225000,45324,0,0,Credit card,-25,
373324,5714681,Closed,currency 1,-2819,0,-2516,-2516,,0,24903,0,,0,Consumer credit,-2516,
373324,5714682,Closed,currency 1,-2673,0,-2307,-2307,,0,31788,0,,0,Consumer credit,-2307,
373324,5714683,Closed,currency 1,-1438,0,-1134,-1153,,0,60399,0,,0,Consumer credit,-1128,
373324,5714684,Closed,currency 1,-1913,0,-1609,-1609,,0,53410.5,0,,0,Consumer credit,-1128,
373324,5714685,Closed,currency 1,-1593,0,-1109,-987,,0,79456.5,,,0,Consumer credit,-984,
373324,5714686,Closed,currency 1,-986,0,-805,-740,,0,68850,,,0,Consumer credit,-738,
373324,5714687,Closed,currency 1,-2455,0,-2273,-1925,0,0,31410,0,0,0,Consumer credit,-1924,
373324,5714688,Closed,currency 1,-2216,0,-2121,-2095,0,0,20002.5,0,0,0,Consumer credit,-2095,
373324,5714689,Closed,currency 1,-1805,0,,-320,0,0,13500,0,0,0,Credit card,-229,
286014,5714690,Active,currency 1,-137,0,27460,,0,0,22500,18765.63,76.59,0,Credit card,-31,
241216,5714692,Closed,currency 1,-259,0,-139,-230,0,0,10464.435,0,0,0,Consumer credit,-227,
241216,5714693,Active,currency 1,-199,0,-14,,0,0,40810.5,8055,0,0,Consumer credit,-22,
166034,5714697,Closed,currency 1,-1283,0,-1069,-1083,3727.89,0,19399.5,0,0,0,Consumer credit,-1068,
166034,5714698,Closed,currency 1,-828,0,-613,-642,13590,0,70692.84,0,0,0,Consumer credit,-642,
166034,5714699,Active,currency 1,-828,0,916,,0,0,4500,0,4500,0,Credit card,-676,
166034,5714700,Closed,currency 1,-1207,0,-1021,-1021,,0,93240,0,0,0,Consumer credit,-981,
166034,5714701,Active,currency 1,-706,0,369,,,0,459000,483534,0,0,Credit card,-4,
166034,5714702,Active,currency 1,-262,0,103,,,0,450000,174519,,0,Consumer credit,-7,
166034,5714704,Active,currency 1,-718,0,,,2189.205,0,45000,43357.5,1638.765,0,Credit card,-22,
166034,5714705,Closed,currency 1,-612,0,-245,-207,13225.725,0,178335,0,0,0,Consumer credit,-206,
399459,5714708,Closed,currency 1,-1141,0,-837,-784,,0,113359.5,,,0,Consumer credit,-781,
399459,5714709,Active,currency 1,-49,0,316,,0,0,24763.5,22968,0,0,Consumer credit,-19,
173404,5714710,Closed,currency 1,-1103,0,-304,-303,,0,216000,0,0,0,Credit card,-303,
173404,5714711,Closed,currency 1,-1166,0,-915,-915,,0,107037,0,0,0,Consumer credit,-752,
173404,5714712,Active,currency 1,-45,0,320,,,0,234000,234000,0,0,Consumer credit,-26,
173404,5714713,Closed,currency 1,-1165,0,-860,-915,0,0,107037,0,0,0,Consumer credit,-825,
280788,5714715,Active,currency 1,-221,0,875,,,0,220675.5,,,0,Consumer credit,-30,
280788,5714716,Active,currency 1,-221,0,,,,0,90000,,,0,Credit card,-9,
280788,5714717,Active,currency 1,-728,0,2,,3520.8,0,112500,5926.5,0,0,Consumer credit,-27,
280788,5714718,Closed,currency 1,-637,0,-120,-120,1856.34,0,56532.645,0,0,0,Consumer credit,-120,
280788,5714719,Active,currency 1,-430,0,300,,0,0,130500,78700.5,0,0,Consumer credit,-34,
280788,5714720,Active,currency 1,-120,0,976,,0,0,90000,67877.19,22122.81,0,Credit card,-12,
312983,5714722,Active,currency 1,-656,0,3015,,,0,630000,547870.5,0,0,Credit card,-5,
312983,5714723,Closed,currency 1,-2128,0,-1746,-1748,,0,135000,,,0,Consumer credit,-1748,
312983,5714724,Closed,currency 1,-1923,0,-1381,-1384,,0,90000,,,0,Consumer credit,-1384,
312983,5714725,Closed,currency 1,-1278,0,,-244,0,0,66780,0,0,0,Credit card,-211,
272136,5714726,Active,currency 1,-177,0,554,,,0,225000,201712.5,0,0,Consumer credit,-80,
272136,5714727,Active,currency 1,-220,0,1241,,,0,225000,207594,0,0,Consumer credit,-25,
415899,5714728,Closed,currency 1,-496,0,-131,-130,,0,229050,0,0,0,Consumer credit,-26,
415899,5714729,Active,currency 1,-500,0,916,,,0,225000,93469.5,0,0,Credit card,-24,
415899,5714730,Active,currency 1,-122,0,426,,,0,450000,406021.5,0,0,Consumer credit,-26,
451241,5714733,Closed,currency 1,-2309,0,-1183,-1212,20880,0,517500,0,0,0,Consumer credit,-1212,
451241,5714734,Closed,currency 1,-1729,0,-1635,-1610,,0,67005,0,0,0,Consumer credit,-800,
451241,5714735,Closed,currency 1,-1010,0,-766,-980,,0,75825,0,0,0,Consumer credit,-978,
451241,5714736,Closed,currency 1,-1728,0,-1635,-1636,,0,67005,0,,0,Consumer credit,-1632,
451241,5714737,Active,currency 1,-1321,0,,,0,0,0,0,0,0,Credit card,-228,
451241,5714738,Closed,currency 1,-997,0,-677,-677,10732.68,0,363600,0,0,0,Consumer credit,-677,
451241,5714741,Closed,currency 1,-594,0,-448,-448,0,0,225000,0,0,0,Consumer credit,-448,
451241,5714742,Closed,currency 1,-460,0,-283,-283,18639.135,0,225000,0,0,0,Consumer credit,-283,
451241,5714743,Active,currency 1,-455,0,94,,7420.5,0,142515,40284,0,0,Consumer credit,-28,
383257,5714745,Active,currency 1,-257,0,1069,,,0,180000,0,0,0,Credit card,-8,
383257,5714746,Active,currency 1,-601,0,-241,,,0,0,0,0,0,Credit card,-513,
383257,5714748,Active,currency 1,-140,0,,,,0,90000,,,0,Credit card,-135,
383257,5714749,Active,currency 1,-140,0,225,,,0,337869,,,0,Consumer credit,-16,
435368,5714751,Active,currency 1,-2915,0,-606,,35.055,0,135000,-638.1,135638.1,0,Credit card,-694,
435368,5714752,Closed,currency 1,-2335,0,-2121,-2150,0,0,23363.1,0,0,0,Consumer credit,-2150,
435368,5714754,Closed,currency 1,-1360,0,-826,-791,,0,0,0,0,0,Credit card,-790,
435368,5714755,Closed,currency 1,-1574,0,-478,-478,,0,144000,0,0,0,Consumer credit,-83,
435368,5714756,Closed,currency 1,-1641,0,-1337,-987,,0,148905,,,0,Consumer credit,-984,
435368,5714757,Closed,currency 1,-369,0,-339,-314,,0,145890,,,0,Consumer credit,-307,
435368,5714758,Active,currency 1,-265,0,830,,,0,363375,,,0,Consumer credit,-6,
435368,5714759,Closed,currency 1,-2630,0,-2142,-2141,6457.5,0,88951.5,,,0,Consumer credit,-2136,
227903,5714763,Closed,currency 1,-1847,0,-21,-203,,0,450000,0,0,0,Consumer credit,-188,
227903,5714764,Closed,currency 1,-1844,0,-1663,-987,,0,72225,,,0,Consumer credit,-984,
227903,5714765,Closed,currency 1,-1930,0,-1838,-987,,0,109138.5,,,0,Consumer credit,-984,
228777,5714770,Closed,currency 1,-2264,0,-1153,-1479,21161.115,0,337500,-15.255,337515.255,0,Credit card,-1202,
228777,5714772,Closed,currency 1,-1419,0,-657,-687,25470,0,481320,0,0,0,Consumer credit,-687,
228777,5714773,Closed,currency 1,-1222,0,-96,-1129,0,0,1588140,0,0,0,Consumer credit,-1129,
228777,5714774,Closed,currency 1,-838,0,380,-534,,0,639000,0,0,0,Consumer credit,-328,
228777,5714775,Closed,currency 1,-1057,0,404,-323,,0,423000,0,0,0,Consumer credit,-291,
228777,5714776,Active,currency 1,-1144,0,31081,,,0,225000,0,0,0,Credit card,-41,
228777,5714777,Closed,currency 1,-1298,0,-290,-232,,0,0,0,0,0,Credit card,-229,
228777,5714779,Active,currency 1,-728,0,-22,,,0,243000,227268,0,0,Credit card,-15,
228777,5714780,Active,currency 1,-1547,0,279,,,0,2547000,466951.5,0,0,Consumer credit,-26,
228777,5714781,Closed,currency 1,-728,0,308,-119,,0,675000,0,,0,Consumer credit,-106,
228777,5714782,Active,currency 1,-90,0,,,0,0,540000,490185,0,0,Credit card,-21,
228777,5714783,Active,currency 1,-46,0,319,,0,0,203760,203760,0,0,Consumer credit,-24,
304102,5714784,Closed,currency 1,-1509,0,-1114,-1173,4140,0,37440,0,0,0,Consumer credit,-1173,
266501,5714785,Closed,currency 1,-597,0,-413,-444,,0,77400,0,0,0,Consumer credit,-439,
266501,5714786,Closed,currency 1,-1445,0,-1112,-1112,,0,97200,0,0,0,Consumer credit,-1076,
266501,5714787,Closed,currency 1,-1575,0,-1274,-637,,0,115771.5,0,0,0,Consumer credit,-555,
266501,5714788,Closed,currency 1,-1491,0,9467,-1459,0,0,22500,,,0,Credit card,-1459,
417300,5714790,Active,currency 1,-1253,0,-180,,,0,90000,0,0,0,Credit card,-14,
417300,5714791,Closed,currency 1,-2427,0,-601,-609,,0,1125000,0,0,0,Consumer credit,-83,
417300,5714792,Active,currency 1,-740,0,-10,,,0,234000,11682,0,0,Consumer credit,-14,
417300,5714793,Active,currency 1,-521,0,209,,,0,378000,144112.5,0,0,Consumer credit,-14,
417300,5714794,Active,currency 1,-41,0,1055,,,0,570825,570825,0,0,Consumer credit,-13,
417300,5714795,Closed,currency 1,-2730,0,-2364,-1925,0,0,128250,0,0,0,Consumer credit,-1924,
416951,5714796,Closed,currency 1,-751,0,-263,-263,,0,141367.5,0,0,0,Consumer credit,-250,
416951,5714798,Closed,currency 1,-1623,0,-1439,-1439,0,0,54540,0,0,0,Consumer credit,-1439,
416951,5714799,Active,currency 1,-1096,0,0,,12325.005,0,468000,21144.285,0,0,Consumer credit,-30,
225481,5714800,Closed,currency 1,-2639,0,-2242,-2302,8034.12,0,43582.5,0,0,0,Consumer credit,-2302,
225481,5714801,Closed,currency 1,-1138,0,-770,-836,,0,74844,0,0,0,Consumer credit,-835,
148089,5714802,Closed,currency 1,-2502,0,-1740,-1769,0,0,99837.72,0,0,0,Consumer credit,-1769,
148089,5714803,Closed,currency 1,-2311,0,-1215,-1825,0,0,112500,0,0,0,Credit card,-1825,
148089,5714804,Active,currency 1,-1475,0,-1110,,,0,52650,5427,0,0,Consumer credit,-1118,
148089,5714805,Closed,currency 1,-791,0,-426,-426,0,0,59085,0,0,0,Consumer credit,-423,
390784,5714807,Active,currency 1,-1537,0,-57,,,0,0,0,,0,Credit card,-608,
390784,5714808,Closed,currency 1,-514,0,-56,-26,,0,454959,0,,0,Consumer credit,-15,
390784,5714809,Active,currency 1,-636,0,,,0,0,45000,31072.5,0,0,Credit card,-21,
346919,5714810,Closed,currency 1,-2499,0,-2163,-2192,0,0,126716.4,0,0,0,Consumer credit,-2192,
346919,5714811,Closed,currency 1,-2308,0,-1184,-1733,0,0,45000,0,0,0,Credit card,-1733,
346919,5714812,Closed,currency 1,-2287,0,-1738,-2000,,0,135000,0,0,0,Consumer credit,-538,
346919,5714814,Active,currency 1,-194,0,1069,,,0,45000,0,0,0,Credit card,-18,
346919,5714815,Closed,currency 1,-318,0,47,-109,,0,81000,0,0,0,Consumer credit,-90,
346919,5714817,Closed,currency 1,-1296,0,-1204,-1204,,0,18652.5,0,0,0,Consumer credit,-687,
346919,5714818,Closed,currency 1,-1043,0,-130,-312,,0,270000,0,0,0,Consumer credit,-288,
346919,5714819,Closed,currency 1,-1086,0,-812,-965,,0,44365.5,0,0,0,Consumer credit,-964,
346919,5714820,Closed,currency 1,-1977,0,-1247,-1635,,0,157500,0,0,0,Consumer credit,-538,
346919,5714821,Closed,currency 1,-1602,0,224,-1106,,0,135000,0,0,0,Consumer credit,-17,
346919,5714823,Active,currency 1,-699,0,,,0,0,78230.34,0,78230.34,0,Credit card,-29,
346919,5714824,Closed,currency 1,-310,0,-98,-98,0,0,160542.81,0,0,0,Consumer credit,-92,
233234,5714825,Active,currency 1,-929,0,-16,,,0,225000,0,0,0,Consumer credit,-15,
233234,5714826,Closed,currency 1,-1435,0,-340,-340,,0,225000,0,0,0,Consumer credit,-337,
233234,5714827,Active,currency 1,-35,0,1426,,,0,900000,,,0,Consumer credit,-30,
233234,5714828,Closed,currency 1,-360,0,370,-32,,0,229500,,,0,Consumer credit,-30,
181326,5714829,Closed,currency 1,-360,0,-300,-271,,0,147852,,,0,Consumer credit,-265,
181326,5714830,Closed,currency 1,-1369,0,457,-221,,0,1197481.5,0,,0,Car loan,-221,
297876,5714833,Closed,currency 1,-2738,0,-2038,-2029,140631.84,0,239355,0,0,0,Consumer credit,-2029,
297876,5714836,Active,currency 1,-441,0,1386,,,0,1115271,0,,0,Consumer credit,-21,
297876,5714837,Closed,currency 1,-1231,0,596,-440,0,0,900000,0,0,0,Consumer credit,-395,
297876,5714838,Active,currency 1,-598,0,,,15459.345,0,46089,44383.5,1705.095,0,Credit card,-22,
297876,5714839,Active,currency 1,-124,0,1702,,486,0,1350000,1324440,0,0,Consumer credit,-27,
278778,5714840,Active,currency 1,-180,0,918,,,0,2642787,2352469.5,,0,Car loan,-12,
198319,5714841,Active,currency 1,-126,0,1335,,,0,2466000,3479481,0,0,Consumer credit,-27,
198319,5714842,Active,currency 1,-1378,0,448,,17848.575,0,1350000,494782.65,0,0,Consumer credit,-36,
333498,5714844,Closed,currency 1,-2805,0,-241,-1224,0,0,180000,-455.805,180455.805,0,Credit card,-1224,
333498,5714845,Closed,currency 1,-2711,0,-2314,-2253,0,0,41979.78,0,0,0,Consumer credit,-2253,
333498,5714846,Active,currency 1,-1314,0,-757,,0,0,4500,0,4500,0,Credit card,-674,
333498,5714847,Active,currency 1,-1290,0,-210,,0,0,135000,-45,135045,0,Credit card,-674,
333498,5714848,Closed,currency 1,-2688,0,-1957,-2414,,0,67500,0,0,0,Consumer credit,-991,
333498,5714849,Closed,currency 1,-816,0,-755,-755,,0,32305.5,0,0,0,Consumer credit,-737,
333498,5714850,Closed,currency 1,-914,0,308,-293,,0,0,0,0,0,Credit card,-199,
333498,5714853,Closed,currency 1,-2321,0,-2138,-2168,0,0,105763.5,0,0,0,Consumer credit,-2168,
333498,5714854,Closed,currency 1,-1529,0,-1435,-1468,0,0,92025,0,0,0,Consumer credit,-1467,
333498,5714855,Closed,currency 1,-1037,0,-671,-671,0,0,122576.22,0,0,0,Consumer credit,-666,
152965,5714856,Closed,currency 1,-2738,0,-2342,-2357,4215.33,0,43403.4,0,0,0,Consumer credit,-2343,
152965,5714857,Active,currency 1,-930,0,916,,7041.555,0,135000,110156.895,24843.105,0,Credit card,-531,
152965,5714859,Closed,currency 1,-400,0,-344,-148,,0,72000,0,0,0,Credit card,-145,
152965,5714860,Active,currency 1,-249,0,1577,,,0,1953000,1828957.5,0,0,Consumer credit,-31,
152965,5714861,Closed,currency 1,-2163,0,-1838,-987,,0,46575,,,0,Consumer credit,-984,
346232,5714862,Closed,currency 1,-2841,0,-2629,-2657,0,0,21167.46,0,0,0,Consumer credit,-2657,
346232,5714863,Active,currency 1,-2714,0,-1610,,0,0,225000,0,0,0,Credit card,-674,
346232,5714864,Closed,currency 1,-2671,0,-2456,-2463,7945.2,0,43673.67,0,0,0,Consumer credit,-2455,
348530,5714868,Closed,currency 1,-1864,0,-1498,-1498,,0,38313,0,,0,Consumer credit,-799,
348530,5714869,Closed,currency 1,-347,0,18,-269,,0,99000,0,,0,Consumer credit,-269,
348530,5714870,Active,currency 1,-317,0,,,,0,90000,,,0,Credit card,-121,
348530,5714871,Active,currency 1,-147,0,218,,,0,72000,47799,,0,Consumer credit,-27,
348530,5714872,Active,currency 1,-317,0,779,,,0,338832,,,0,Consumer credit,-9,
348530,5714873,Closed,currency 1,-2145,0,-1845,-1845,4.5,0,38758.5,,,0,Consumer credit,-1845,
348530,5714875,Closed,currency 1,-1530,0,-799,-817,0,0,162900,,,0,Consumer credit,-813,
348530,5714876,Closed,currency 1,-1117,0,-781,-781,0,0,116415,0,0,0,Consumer credit,-778,
271160,5714880,Closed,currency 1,-1736,0,-1616,-1644,0,0,31104,0,0,0,Consumer credit,-1644,
271160,5714881,Active,currency 1,-1736,0,90,,0,0,0,0,0,0,Credit card,-696,
271160,5714882,Closed,currency 1,-1582,0,-1368,-1398,0,0,36810,0,0,0,Consumer credit,-1302,
271160,5714885,Closed,currency 1,-2231,0,-1488,-992,,0,101250,,,0,Credit card,-991,
271160,5714886,Closed,currency 1,-2317,0,-1105,-1105,0,0,18000,0,0,0,Credit card,-1076,
271160,5714887,Closed,currency 1,-2246,0,-1946,-1946,16128.585,0,720495,0,0,0,Car loan,-1942,
271160,5714888,Closed,currency 1,-1231,0,-861,-861,0,0,141102,,,0,Consumer credit,-859,
271160,5714889,Active,currency 1,-36,0,145,,0,0,62550,62550,0,0,Consumer credit,-26,
182982,5714890,Closed,currency 1,-2627,0,-2108,-2137,3960,0,50135.58,0,0,0,Consumer credit,-2137,
182982,5714891,Active,currency 1,-2314,0,-1215,,10125,0,67500,-400.86,67900.86,0,Credit card,-671,
182982,5714892,Closed,currency 1,-1431,0,-884,-883,,0,169987.5,70416,,0,Consumer credit,-627,
259670,5714893,Closed,currency 1,-1068,0,-900,-900,,0,48897,0,,0,Consumer credit,-900,
259670,5714894,Closed,currency 1,-712,0,-563,-545,,0,48496.5,,,0,Consumer credit,-537,
259670,5714896,Active,currency 1,-532,0,1295,,,0,675000,,,0,Consumer credit,-13,
259670,5714897,Active,currency 1,-523,0,10434,,25578,0,596250,,,0,Credit card,-28,
354574,5714902,Closed,currency 1,-2290,0,-2075,-2165,0,0,15341.85,0,0,0,Consumer credit,-2165,
354574,5714903,Closed,currency 1,-2428,0,-2336,-2336,0,0,17779.5,0,0,0,Consumer credit,-2336,
354574,5714904,Closed,currency 1,-899,0,-534,-564,9022.59,0,114444,0,0,0,Consumer credit,-564,
354574,5714905,Closed,currency 1,-553,0,-188,-284,0,0,99000,0,0,0,Consumer credit,-281,
450549,5714907,Active,currency 1,-1145,0,12850,,,0,1080000,1011586.5,,0,Credit card,-6,
450549,5714908,Closed,currency 1,-2250,0,3287,-406,0,0,7794000,,,0,Mortgage,-406,
450549,5714909,Closed,currency 1,-2238,0,-2026,-2026,0,0,132390,0,0,0,Consumer credit,-1508,
450549,5714910,Closed,currency 1,-1658,0,-1351,-1351,0,0,143316,0,0,0,Consumer credit,-1351,
450549,5714911,Active,currency 1,-1133,0,,,10649.52,0,1080000,982822.5,97176.375,0,Credit card,-6,
251360,5714913,Closed,currency 1,-1531,0,-798,-798,0,0,34726.545,0,0,0,Consumer credit,-701,
251360,5714914,Closed,currency 1,-1300,0,2353,-139,0,0,495000,0,0,0,Credit card,-106,
251360,5714915,Closed,currency 1,-814,0,-84,-646,0,0,247500,0,0,0,Consumer credit,-645,
251360,5714916,Active,currency 1,-140,0,,,0,0,495000,466434.81,28565.19,0,Credit card,-29,
262765,5714917,Closed,currency 1,-2395,0,-2181,-2210,0,0,17361.99,0,0,0,Consumer credit,-2210,
262765,5714919,Active,currency 1,-1441,0,-361,,0,0,54000,0,67500,0,Credit card,-511,
262765,5714921,Closed,currency 1,-1441,0,-1107,-1134,8221.68,0,76544.55,0,0,0,Consumer credit,-1106,
452711,5714925,Closed,currency 1,-2641,0,-2306,-2517,0,0,110948.4,0,0,0,Consumer credit,-2517,
452711,5714926,Closed,currency 1,-2272,0,-2060,-2148,0,0,73777.5,0,0,0,Consumer credit,-2148,
452711,5714928,Active,currency 1,-744,0,796,,0,0,0,0,0,0,Credit card,-684,
452711,5714929,Closed,currency 1,-2400,0,-574,-683,,0,807300,0,0,0,Consumer credit,-125,
452711,5714930,Active,currency 1,-1288,0,-180,,,0,324000,329332.5,0,0,Credit card,-19,
374159,5714931,Closed,currency 1,-1482,0,-746,-746,,0,479250,0,0,0,Consumer credit,-737,
456062,5714932,Closed,currency 1,-1036,0,-670,-770,,0,216913.5,0,0,0,Consumer credit,-768,
299495,5714936,Closed,currency 1,-1638,0,855,-587,0,0,135000,473925.33,25574.67,0,Credit card,-587,
299495,5714937,Closed,currency 1,-681,0,780,-315,0,0,828201.6,0,0,0,Consumer credit,-283,
299495,5714939,Active,currency 1,-707,0,10178,,0,0,654750,,,0,Credit card,-707,
299495,5714940,Active,currency 1,-334,0,763,,0,0,900000,,,0,Consumer credit,-28,
282297,5714943,Active,currency 1,-2712,2603,-2498,,4590,0,24696,231.525,0,231.525,Consumer credit,-1077,
282297,5714944,Closed,currency 1,-789,0,-424,-516,,0,139860,0,0,0,Consumer credit,-513,
282297,5714945,Closed,currency 1,-907,0,-542,-532,,0,450000,0,0,0,Consumer credit,-513,
282297,5714947,Active,currency 1,-419,0,886,,,0,112500,78016.5,0,0,Credit card,-67,
282297,5714948,Active,currency 1,-158,0,573,,,0,466200,435573,0,0,Consumer credit,-67,
282297,5714952,Active,currency 1,-2614,0,-1899,,0,0,225000,0,59083.785,0,Credit card,-2187,
282297,5714953,Active,currency 1,-1797,0,-1053,,0,0,225000,115592.4,0,0,Credit card,-1424,
282297,5714954,Closed,currency 1,-49,0,316,-39,0,0,650335.5,,,0,Car loan,-39,
331446,5714955,Closed,currency 1,-855,0,-672,-672,0,0,21600,0,0,0,Consumer credit,-666,
331446,5714956,Active,currency 1,-607,0,,,4041.54,0,92250,20304,71944.965,0,Credit card,-22,
331446,5714957,Closed,currency 1,-497,0,-132,-131,0,0,225000,0,0,0,Consumer credit,-127,
331446,5714958,Active,currency 1,-405,0,,,4437,0,115384.5,60138,55243.26,0,Credit card,-22,
331446,5714960,Active,currency 1,-229,0,504,,0,0,243000,183681,0,0,Consumer credit,-14,
159650,5714961,Active,currency 1,-144,0,155,,,0,270000,0,0,0,Credit card,-25,
159650,5714962,Closed,currency 1,-781,0,-51,-55,,0,234000,0,0,0,Consumer credit,-25,
273814,5714963,Active,currency 1,-392,0,152,,0,0,181013.085,158924.25,0,0,Consumer credit,-235,
273814,5714965,Closed,currency 1,-751,0,-567,-567,,0,44950.5,0,0,0,Consumer credit,-566,
273814,5714967,Closed,currency 1,-508,0,-326,-300,,0,51840,,,0,Consumer credit,-286,
273814,5714968,Closed,currency 1,-186,0,,-118,,0,1935000,,,0,Mortgage,-111,
273814,5714969,Active,currency 1,-1075,0,4387,,,0,5355000,,,0,Mortgage,-42,
192645,5714971,Active,currency 1,-166,0,923,,,0,67500,0,,0,Credit card,-49,
132745,5714972,Closed,currency 1,-2789,0,-2575,-2603,6233.895,0,34266.78,0,0,0,Consumer credit,-2603,
132745,5714973,Active,currency 1,-2689,0,-1580,,0,0,225000,0,0,0,Credit card,-680,
132745,5714974,Closed,currency 1,-224,0,141,-193,,0,113040,0,0,0,Consumer credit,-190,
132745,5714975,Active,currency 1,-1239,0,2416,,,0,324000,306756,0,0,Credit card,-5,
381884,5714977,Closed,currency 1,-2753,0,-2600,-2154,19216.395,0,31680,0,0,0,Consumer credit,-2154,
228839,5714979,Closed,currency 1,-570,0,-385,-385,0,0,71959.5,0,0,0,Consumer credit,-385,
221368,5714982,Closed,currency 1,-249,0,116,-189,0,0,111825,0,0,0,Consumer credit,-189,
221368,5714983,Active,currency 1,-64,0,27460,,0,0,22500,0,22500,0,Credit card,-17,
256578,5714984,Closed,currency 1,-2377,0,-2163,-2192,0,0,28562.67,0,0,0,Consumer credit,-2192,
256578,5714985,Closed,currency 1,-1981,0,-879,-1637,0,0,22500,0,0,0,Credit card,-1637,
256578,5714986,Active,currency 1,-489,0,-367,,0,0,18247.68,0,0,0,Consumer credit,-486,
256578,5714987,Closed,currency 1,-1635,0,-539,-690,,0,450000,0,0,0,Consumer credit,-429,
256578,5714989,Active,currency 1,-111,0,1715,,,0,166500,163197,0,0,Consumer credit,-8,
256578,5714990,Active,currency 1,-1354,0,796,,,0,270000,200916,0,0,Credit card,-10,
414912,5714992,Closed,currency 1,-2910,0,-1792,-476,0,0,180000,0,0,0,Credit card,-476,
414912,5714993,Closed,currency 1,-1165,0,-952,-1010,0,0,24057.54,0,0,0,Consumer credit,-1010,
414912,5714995,Closed,currency 1,-2644,0,-2338,-2310,,0,41490,0,0,0,Consumer credit,-852,
414912,5714996,Closed,currency 1,-515,0,-423,-423,,0,31000.5,0,0,0,Consumer credit,-361,
414912,5714997,Active,currency 1,-752,0,,,,0,45000,0,0,0,Credit card,-745,
414912,5714998,Closed,currency 1,-757,0,-392,-483,,0,135850.5,0,0,0,Consumer credit,-469,
414912,5714999,Active,currency 1,-97,0,5390,,,0,3996000,3983431.5,0,0,Mortgage,-8,
414912,5715000,Closed,currency 1,-2527,0,-2174,-2174,,0,54000,0,,0,Credit card,-792,
414912,5715001,Closed,currency 1,-2643,0,-2338,-2336,,0,41494.5,0,,0,Consumer credit,-792,
414912,5715003,Closed,currency 1,-1036,0,,-510,,0,157500,0,,0,Consumer credit,-510,
414912,5715004,Closed,currency 1,-476,0,-172,-353,,0,99238.5,0,,0,Consumer credit,-344,
414912,5715005,Closed,currency 1,-848,0,-633,-633,0,0,82291.5,0,0,0,Consumer credit,-631,
414912,5715006,Closed,currency 1,-784,0,-675,-675,0,0,30620.79,0,0,0,Consumer credit,-673,
414912,5715007,Closed,currency 1,-575,0,-453,-453,0,0,37828.71,0,0,0,Consumer credit,-449,
414912,5715008,Closed,currency 1,-483,0,-391,-391,0,0,71932.59,0,0,0,Consumer credit,-386,
414912,5715009,Closed,currency 1,-246,0,-4,-96,0,0,97155,0,0,0,Consumer credit,-95,
391685,5715011,Active,currency 1,-423,0,1008,,,0,454500,0,0,0,Credit card,-87,
391685,5715013,Active,currency 1,-446,0,6859,,,0,5850000,5685700.5,0,0,Mortgage,-28,
391685,5715014,Closed,currency 1,-1902,0,-861,-861,,0,164632.5,0,,0,Consumer credit,-861,
317276,5715015,Active,currency 1,-681,0,-195,,0,0,113405.355,0,0,0,Consumer credit,-676,
317276,5715016,Closed,currency 1,-1050,0,777,-445,,0,427500,0,0,0,Consumer credit,-422,
317276,5715017,Active,currency 1,-417,0,678,,0,0,1980000,1206418.5,0,0,Car loan,-9,
115001,5715021,Closed,currency 1,-2784,0,-2387,-2416,0,0,248540.4,0,0,0,Car loan,-2416,
115001,5715022,Closed,currency 1,-704,0,-339,-339,,0,112500,0,0,0,Consumer credit,-307,
115001,5715023,Closed,currency 1,-738,0,-374,-373,,0,225000,0,0,0,Consumer credit,-343,
115001,5715024,Active,currency 1,-174,0,922,,,0,585000,521973,0,0,Consumer credit,-8,
115001,5715025,Closed,currency 1,-1323,0,-1265,-987,,0,95107.5,,,0,Consumer credit,-984,
115001,5715026,Active,currency 1,-454,0,3198,,,0,135000,,,0,Credit card,-454,
115001,5715028,Closed,currency 1,-265,0,100,-174,,0,67500,0,,0,Consumer credit,-168,
115001,5715029,Closed,currency 1,-339,0,-311,-311,0,0,225000,0,0,0,Consumer credit,-311,
233056,5715031,Closed,currency 1,-2910,0,-1792,-1825,0,0,180000,0,0,0,Credit card,-1825,
233056,5715032,Closed,currency 1,-2854,0,-2520,-2544,6840,0,61483.5,0,0,0,Consumer credit,-2352,
233056,5715033,Closed,currency 1,-2724,0,-2327,-2356,6249.375,0,64243.08,0,0,0,Consumer credit,-2352,
233056,5715034,Closed,currency 1,-2349,0,-2135,-2162,4354.695,0,22795.11,0,0,0,Consumer credit,-2134,
233056,5715035,Closed,currency 1,-2173,0,-1961,-1990,5446.71,0,22105.44,0,0,0,Consumer credit,-1990,
233056,5715036,Closed,currency 1,-1005,0,-580,-606,8820,0,94409.145,0,0,0,Consumer credit,-606,
233056,5715038,Active,currency 1,-482,0,1220,,0,0,0,0,0,0,Credit card,-481,
233056,5715039,Closed,currency 1,-2873,0,-1047,-1031,,0,450000,0,0,0,Consumer credit,-17,
233056,5715042,Closed,currency 1,-1381,0,-1200,-1197,0,0,22053.24,0,0,0,Consumer credit,-1197,
233056,5715044,Active,currency 1,-33,0,148,,0,0,28426.5,28426.5,0,0,Consumer credit,-32,
346739,5715045,Closed,currency 1,-936,0,-404,-380,,0,459000,0,0,0,Credit card,-227,
346739,5715046,Closed,currency 1,-2070,0,-975,-1007,,0,157500,0,0,0,Consumer credit,-80,
346739,5715047,Active,currency 1,-404,0,3248,,,0,540000,405495,0,0,Credit card,-5,
346739,5715048,Closed,currency 1,-546,0,-374,-374,0,0,91372.5,,,0,Consumer credit,-374,
221642,5715049,Closed,currency 1,-900,0,,-213,,0,225000,,,0,Consumer credit,-213,
221642,5715050,Active,currency 1,-217,0,1610,,0,0,270000,,,0,Consumer credit,-12,
205426,5715051,Closed,currency 1,-2643,0,-2093,-2538,,0,67500,0,0,0,Consumer credit,-1261,
205426,5715054,Closed,currency 1,-1166,0,-435,-432,,0,180000,0,0,0,Consumer credit,-77,
205426,5715055,Closed,currency 1,-1680,0,-1131,-1161,,0,90000,0,0,0,Consumer credit,-77,
205426,5715056,Closed,currency 1,-2266,0,-1717,-1700,,0,90000,0,0,0,Consumer credit,-77,
205426,5715057,Closed,currency 1,-1883,0,-787,-1161,,0,90000,0,0,0,Consumer credit,-77,
205426,5715058,Active,currency 1,-185,0,911,,,0,225000,205425,0,0,Consumer credit,-31,
205426,5715059,Closed,currency 1,-2653,0,-2348,-2345,0,0,32755.5,,,0,Consumer credit,-2340,
205426,5715060,Closed,currency 1,-2282,0,-2098,-2098,175.5,0,22977,,,0,Consumer credit,-2095,
205426,5715062,Active,currency 1,-289,0,71,,0,0,51066,19557,0,0,Consumer credit,-22,
432545,5715063,Closed,currency 1,-2433,0,-2128,-2126,,0,141705,0,0,0,Consumer credit,-852,
432545,5715064,Closed,currency 1,-2371,0,31111,-2128,,0,270000,0,0,0,Credit card,-555,
432545,5715065,Closed,currency 1,-1921,0,-1556,-1853,,0,315000,0,0,0,Consumer credit,-824,
432545,5715066,Closed,currency 1,-2250,0,-1885,-1930,,0,157500,0,0,0,Consumer credit,-824,
432545,5715067,Closed,currency 1,-509,0,-264,-413,,0,94050,0,0,0,Consumer credit,-411,
432545,5715068,Active,currency 1,-80,0,1746,,,0,1287000,1253182.5,0,0,Consumer credit,-15,
432545,5715069,Closed,currency 1,-2432,0,-2128,-2155,,0,141705,0,,0,Consumer credit,-1786,
118247,5715070,Closed,currency 1,-1799,0,-1522,-1522,,0,53100,0,,0,Credit card,-792,
118247,5715072,Closed,currency 1,-2022,0,-1838,-1786,8850.375,0,53192.115,0,0,0,Consumer credit,-638,
118247,5715073,Closed,currency 1,-1463,0,-1138,-1138,157.5,0,134496,,,0,Consumer credit,-1132,
118247,5715074,Closed,currency 1,-1071,0,-182,-182,0,2,135000,,,0,Credit card,-180,
118247,5715075,Closed,currency 1,-966,0,-780,-780,0,0,27427.5,,,0,Consumer credit,-775,
118247,5715076,Active,currency 1,-642,0,,,0,0,90000,0,90000,0,Credit card,-22,
118247,5715077,Active,currency 1,-484,0,,,0,0,55586.16,0,55586.16,0,Credit card,-22,
166350,5715078,Closed,currency 1,-2293,0,-2107,-2019,,0,19098,0,0,0,Consumer credit,-2016,
166350,5715079,Active,currency 1,-741,0,582,,,0,225000,203602.5,0,0,Credit card,-30,
166350,5715080,Closed,currency 1,-854,0,-538,-538,,0,119565,0,,0,Consumer credit,-530,
166350,5715081,Closed,currency 1,-676,0,-528,-528,0,0,37260,,,0,Consumer credit,-523,
388014,5715083,Active,currency 1,-1089,0,-392,,0,0,0,0,0,0,Credit card,-694,
388014,5715084,Closed,currency 1,-356,0,-165,-184,,0,0,0,0,0,Credit card,-183,
388014,5715085,Closed,currency 1,-724,0,-420,-511,,0,86310,0,,0,Consumer credit,-498,
388014,5715086,Closed,currency 1,-387,0,-112,-236,,0,40315.5,0,,0,Consumer credit,-225,
388014,5715087,Active,currency 1,-726,0,,,0,0,292500,171040.5,121455.36,0,Credit card,-22,
388014,5715088,Closed,currency 1,-434,0,,-146,0,0,67500,0,0,0,Credit card,-141,
388014,5715089,Active,currency 1,-183,0,182,,0,0,143123.625,86161.5,0,0,Consumer credit,-22,
388014,5715090,Closed,currency 1,-71,0,113,-10,0,0,57060,0,0,0,Consumer credit,-7,
189122,5715093,Closed,currency 1,-2688,0,-2261,-2261,,0,148500,0,0,0,Consumer credit,-2260,
189122,5715094,Closed,currency 1,-2826,0,-2645,-2645,,0,45000,0,0,0,Consumer credit,-2645,
189122,5715096,Active,currency 1,-325,0,1039,,,0,90000,0,0,0,Credit card,-59,
189122,5715097,Closed,currency 1,-1711,0,-1347,-1414,,0,67500,0,0,0,Consumer credit,-1064,
189122,5715098,Closed,currency 1,-2397,0,-1667,-1650,,0,157500,0,0,0,Credit card,-1637,
189122,5715099,Closed,currency 1,-1351,0,-619,-587,,0,135000,0,,0,Credit card,-587,
166358,5715100,Closed,currency 1,-1874,0,-1692,-1692,0,0,29306.43,0,0,0,Consumer credit,-1671,
166358,5715101,Closed,currency 1,-1768,0,,-1364,0,0,58500,0,58500,0,Credit card,-1364,
166358,5715103,Closed,currency 1,-1377,0,-1217,-1309,0,0,77197.5,0,0,0,Consumer credit,-1309,
166358,5715104,Closed,currency 1,-1042,0,-767,-767,0,0,151402.5,0,0,0,Consumer credit,-767,
166358,5715105,Active,currency 1,-784,0,-419,,15413.625,0,184815,0,0,0,Consumer credit,-104,
166358,5715106,Closed,currency 1,-598,0,-234,-217,6282,0,71239.5,0,0,0,Consumer credit,-217,
166358,5715107,Active,currency 1,-439,0,674,,0,0,162000,0,90157.5,0,Credit card,-41,
166358,5715108,Active,currency 1,-124,0,226,,0,0,450000,341626.5,0,0,Consumer credit,-47,
157200,5715109,Active,currency 1,-601,0,490,,,0,477000,108477,0,0,Credit card,-4,
157200,5715110,Closed,currency 1,-313,0,-298,-298,,0,112500,0,,0,Microloan,-37,
157200,5715112,Active,currency 1,-511,0,947,,0,0,3532392,,,0,Car loan,-32,
157200,5715113,Active,currency 1,-447,0,,,0,0,90000,81702,8298,0,Credit card,-12,
157200,5715114,Active,currency 1,-170,0,10788,,0,0,225000,,,0,Credit card,-12,
